month,day,Daily_Temp,Daily_Precip,Daily_Humidity,Daily_Pressure,Daily_WindDir,Daily_WindSpeed,Daily_DNI,Daily_DHI,Daily_radiation
1,8,25.946153846153848,30.200000000000003,59.92307692307692,920.3461538461538,126.6923076923077,0.7230769230769231,588.3076923076923,100.6923076923077,497.15384615384613
2,5,27.076923076923077,39.61538461538461,56.84615384615385,917.8076923076924,201.84615384615384,0.9692307692307692,249.46153846153845,167.76923076923077,320.0
12,7,25.475,39.333333333333336,63.833333333333336,918.9,134.25,0.8083333333333332,317.9166666666667,180.08333333333334,441.25
12,2,24.008333333333336,41.708333333333336,72.41666666666667,919.5916666666668,173.16666666666666,0.5333333333333333,667.8333333333334,91.66666666666669,529.1666666666666
10,31,24.592307692307692,45.03076923076923,74.23076923076923,919.2384615384616,45.07692307692308,1.723076923076923,0.0,168.84615384615384,168.84615384615384
11,26,24.258333333333336,43.525,75.5,918.1083333333332,130.58333333333334,0.9,105.83333333333331,270.3333333333333,323.5833333333333
2,26,21.146153846153844,46.861538461538466,89.92307692307692,921.6,174.3846153846154,1.1538461538461535,45.76923076923077,192.15384615384616,234.0
1,12,25.658333333333335,39.9,64.91666666666667,918.725,218.41666666666663,0.7999999999999999,641.4166666666666,107.75,539.5
5,10,19.35833333333333,44.50833333333333,93.08333333333331,922.5833333333334,182.75,0.7999999999999999,106.16666666666669,263.5833333333333,322.0833333333333
7,9,24.592307692307692,41.26923076923077,62.15384615384615,920.0538461538462,196.15384615384616,1.8461538461538465,38.69230769230769,224.30769230769232,250.69230769230768
9,21,27.82307692307692,38.62307692307692,47.76923076923077,918.9384615384616,179.92307692307693,0.9461538461538462,383.38461538461536,201.0,480.7692307692308
5,20,25.161538461538463,41.66923076923077,64.92307692307692,919.5769230769232,204.15384615384616,1.0923076923076922,422.6923076923077,155.30769230769232,467.2307692307692
3,17,25.16923076923077,44.20769230769231,74.15384615384616,919.5230769230768,101.15384615384616,1.3076923076923077,224.76923076923077,265.6923076923077,462.38461538461536
2,29,26.023076923076925,40.23076923076923,66.53846153846153,920.5923076923076,209.6153846153846,0.6153846153846154,329.6923076923077,231.3846153846154,487.3076923076923
9,3,28.491666666666664,38.99166666666667,44.416666666666664,919.7083333333334,173.0,2.0166666666666666,204.16666666666663,159.08333333333334,300.6666666666667
12,12,23.816666666666663,45.26666666666667,76.66666666666667,918.8,82.91666666666667,1.7583333333333335,53.75,226.08333333333337,263.8333333333333
4,14,25.975,39.65,67.33333333333333,919.9416666666666,38.75,2.1083333333333334,223.83333333333337,283.9166666666667,456.25
12,8,24.858333333333334,41.575,69.58333333333333,920.4583333333334,123.91666666666669,0.6583333333333333,213.41666666666663,242.0,401.75
4,7,24.666666666666668,48.23333333333333,78.58333333333333,921.0833333333334,150.41666666666666,1.1583333333333334,65.5,302.8333333333333,350.8333333333333
7,26,27.04615384615385,38.607692307692304,51.07692307692308,920.4384615384616,186.23076923076923,1.823076923076923,141.69230769230768,257.84615384615387,356.3076923076923
1,17,24.78333333333333,39.63333333333333,69.75,918.2916666666666,196.5,1.0333333333333334,387.5833333333333,206.66666666666663,450.5833333333333
12,4,24.691666666666663,41.225,73.0,919.2833333333332,219.0,0.425,415.4166666666667,173.0,446.5833333333333
8,2,28.423076923076923,30.54615384615385,40.38461538461539,920.323076923077,204.0,3.96923076923077,530.7692307692307,108.23076923076924,506.0
12,10,24.53333333333333,41.81666666666667,74.25,919.1416666666668,108.41666666666669,1.2333333333333334,463.9166666666667,189.5,466.75
9,26,29.092307692307692,32.45384615384615,35.84615384615385,920.3692307692309,196.15384615384616,2.223076923076923,370.7692307692308,173.0,453.46153846153845
11,5,24.43846153846154,42.13076923076923,71.84615384615384,919.4461538461538,134.69230769230768,1.2307692307692308,523.5384615384615,106.07692307692308,496.6923076923077
3,8,20.96153846153846,45.13076923076923,88.15384615384616,921.1615384615384,210.69230769230768,1.2461538461538462,17.846153846153847,186.30769230769232,194.92307692307693
6,6,25.741666666666664,38.43333333333333,65.5,922.275,214.58333333333337,2.0416666666666665,42.916666666666664,162.83333333333334,181.33333333333337
2,25,24.56153846153846,48.861538461538466,78.76923076923077,919.0769230769232,182.23076923076923,0.7846153846153846,118.3846153846154,250.84615384615384,333.46153846153845
7,12,25.807692307692307,40.41538461538461,57.15384615384615,920.2692307692308,171.0,0.8846153846153846,307.2307692307692,205.92307692307693,420.6923076923077
6,16,21.266666666666666,41.525,82.91666666666667,922.6833333333334,202.83333333333337,1.4833333333333334,317.3333333333333,241.25,428.1666666666667
3,19,24.161538461538463,41.19230769230769,71.61538461538461,918.8538461538462,181.92307692307693,0.676923076923077,324.61538461538464,146.84615384615384,404.61538461538464
6,16,25.907692307692308,39.36923076923077,60.0,920.5076923076924,192.69230769230768,1.7000000000000002,283.2307692307692,214.76923076923077,417.9230769230769
8,16,27.746153846153845,40.80769230769231,49.84615384615385,918.4230769230768,171.92307692307693,1.353846153846154,193.76923076923077,190.84615384615384,315.46153846153845
3,18,22.846153846153847,41.76923076923077,76.3076923076923,919.6692307692308,182.15384615384616,0.8461538461538461,155.69230769230768,210.3846153846154,300.9230769230769
11,5,24.930769230769233,42.25384615384615,69.3076923076923,918.253846153846,98.76923076923076,0.9615384615384616,441.3076923076923,158.76923076923077,482.3076923076923
4,21,25.842857142857145,37.58571428571429,57.57142857142857,920.6642857142856,184.3571428571429,1.1857142857142855,404.1428571428572,173.78571428571428,457.0
4,3,21.983333333333334,45.06666666666666,81.08333333333333,920.0833333333334,201.58333333333337,0.6916666666666668,298.1666666666667,268.3333333333333,433.6666666666667
2,8,26.641666666666666,44.36666666666667,65.16666666666667,917.9916666666668,174.41666666666666,0.6166666666666667,327.9166666666667,223.33333333333337,479.6666666666667
1,2,24.525,41.516666666666666,76.16666666666667,918.9833333333332,179.0,1.0083333333333333,390.0833333333333,219.75,456.3333333333333
3,12,25.5,45.83076923076923,73.76923076923077,916.9692307692308,224.07692307692307,0.7769230769230769,74.07692307692308,241.84615384615384,297.0769230769231
10,15,25.553846153846152,43.43076923076923,68.76923076923077,919.0076923076924,137.69230769230768,0.8999999999999999,444.53846153846155,126.53846153846152,480.3076923076923
10,28,26.33076923076923,39.95384615384615,55.23076923076923,920.7769230769233,175.30769230769232,0.9307692307692308,640.4615384615385,67.76923076923077,525.6923076923077
10,13,25.200000000000003,37.8,51.15384615384615,919.7692307692308,190.69230769230768,2.338461538461538,92.46153846153848,199.53846153846155,237.76923076923077
10,19,26.184615384615384,39.36923076923077,56.23076923076923,920.0923076923076,149.30769230769232,0.7,266.7692307692308,217.69230769230768,415.46153846153845
9,10,28.291666666666668,38.71666666666667,46.833333333333336,920.2416666666668,189.33333333333337,1.9333333333333331,221.25,238.91666666666663,391.5833333333333
11,28,24.4,43.56666666666666,73.16666666666667,919.1833333333334,177.58333333333334,0.7999999999999999,332.8333333333333,201.91666666666663,453.4166666666667
1,11,26.63076923076923,32.53846153846154,50.46153846153846,918.5,192.53846153846155,1.484615384615385,313.53846153846155,188.53846153846155,420.7692307692308
7,10,22.092307692307692,42.107692307692304,76.23076923076923,920.8461538461538,201.15384615384616,1.7923076923076924,358.53846153846155,188.69230769230768,436.61538461538464
10,24,27.946153846153848,39.253846153846155,47.0,918.7692307692308,140.0,0.7615384615384616,365.61538461538464,182.53846153846155,440.38461538461536
3,29,22.553846153846152,43.46153846153846,78.38461538461539,918.9076923076924,202.69230769230768,1.9384615384615385,89.15384615384616,266.9230769230769,313.7692307692308
10,18,26.315384615384616,39.93076923076923,53.61538461538461,920.0846153846154,48.07692307692308,1.1846153846153846,591.6923076923077,94.92307692307692,523.3846153846154
2,28,25.53076923076923,42.7,71.61538461538461,920.246153846154,50.69230769230769,1.3076923076923077,217.84615384615384,260.84615384615387,423.3076923076923
2,4,26.892307692307693,38.830769230769235,56.69230769230769,918.4230769230768,158.3846153846154,0.5384615384615384,347.0,216.6153846153846,422.61538461538464
12,28,23.21666666666667,42.208333333333336,78.58333333333333,919.2666666666668,125.16666666666669,0.7916666666666666,120.16666666666669,268.0833333333333,352.0833333333333
11,9,22.361538461538466,45.11538461538461,80.61538461538461,920.6923076923076,145.07692307692307,0.9230769230769232,293.38461538461536,131.6153846153846,346.7692307692308
7,17,26.107692307692307,40.215384615384615,54.92307692307692,919.7846153846154,201.76923076923077,1.3692307692307693,390.7692307692308,165.15384615384616,422.2307692307692
10,30,25.792307692307695,42.2,65.84615384615384,918.6615384615384,77.61538461538461,2.0153846153846153,114.92307692307692,216.53846153846155,314.3076923076923
10,26,24.846153846153847,45.33846153846154,68.0,920.3076923076924,149.6153846153846,1.0923076923076922,418.2307692307692,127.84615384615384,471.53846153846155
3,28,25.46666666666667,43.05,64.83333333333333,917.75,198.33333333333337,0.5833333333333334,442.0833333333333,212.16666666666663,540.5
8,27,27.616666666666664,40.875,49.583333333333336,920.2083333333334,180.83333333333337,1.525,88.5,187.16666666666663,233.16666666666663
1,15,28.22307692307692,37.01538461538461,50.92307692307692,917.2615384615384,182.23076923076923,1.6153846153846154,318.2307692307692,227.3846153846154,417.9230769230769
11,24,25.4,42.400000000000006,64.6923076923077,918.6076923076924,150.15384615384616,0.5461538461538461,431.6923076923077,170.69230769230768,453.6923076923077
3,2,23.5,42.92307692307692,74.15384615384616,918.1923076923076,134.23076923076923,0.9846153846153848,212.3846153846154,210.53846153846155,388.15384615384613
4,23,25.90833333333333,39.475,63.166666666666664,919.2416666666668,161.5,0.6166666666666667,478.3333333333333,204.91666666666663,543.4166666666666
2,12,28.26153846153846,35.05384615384615,47.23076923076923,918.4846153846154,190.76923076923077,1.446153846153846,478.53846153846155,160.53846153846155,518.6923076923077
9,11,29.175,38.0,43.083333333333336,918.4333333333334,205.5,3.0833333333333335,424.4166666666667,225.83333333333337,532.9166666666666
11,29,23.292307692307695,45.02307692307692,78.6923076923077,918.3384615384616,128.07692307692307,0.6692307692307692,446.53846153846155,135.0,457.9230769230769
6,30,26.83076923076923,39.33846153846154,51.76923076923077,918.7769230769233,192.69230769230768,1.3846153846153846,563.7692307692307,111.3846153846154,496.38461538461536
10,25,26.592307692307692,41.57692307692308,58.61538461538461,919.3615384615384,85.15384615384616,1.5846153846153848,394.61538461538464,170.07692307692307,478.0
12,24,25.133333333333336,41.31666666666667,70.58333333333333,917.7666666666668,146.66666666666666,0.5666666666666668,397.8333333333333,198.41666666666663,466.9166666666667
6,8,20.233333333333334,44.10833333333333,88.41666666666667,922.4916666666668,205.41666666666663,1.9166666666666667,66.91666666666667,282.9166666666667,324.3333333333333
7,23,25.96923076923077,42.22307692307693,58.84615384615385,919.0538461538462,197.92307692307693,2.1307692307692307,219.84615384615384,230.3846153846154,368.15384615384613
6,3,24.583333333333332,44.76666666666667,69.16666666666667,920.6,171.08333333333334,1.6,0.0,255.41666666666663,255.41666666666663
2,7,27.361538461538466,33.223076923076924,46.76923076923077,919.176923076923,166.76923076923077,0.6230769230769231,543.5384615384615,141.92307692307693,523.1538461538462
3,3,23.146153846153844,41.27692307692307,73.6923076923077,919.8615384615384,213.46153846153845,1.6153846153846154,146.3846153846154,287.0769230769231,401.7692307692308
3,21,24.923076923076923,41.892307692307696,71.3076923076923,918.7692307692308,240.84615384615384,0.5538461538461539,284.9230769230769,244.53846153846155,452.3076923076923
9,16,27.03333333333333,38.13333333333333,46.666666666666664,921.9833333333332,179.75,2.4833333333333334,34.5,226.16666666666663,237.75
4,10,25.325,42.53333333333333,64.5,919.175,212.41666666666663,0.525,371.75,203.25,500.5
6,23,25.96153846153846,40.98461538461538,59.07692307692308,918.8846153846154,205.07692307692307,2.8461538461538463,270.84615384615387,205.69230769230768,401.0769230769231
4,16,24.566666666666663,40.81666666666667,73.83333333333333,921.0333333333332,232.41666666666663,1.1583333333333334,116.08333333333331,277.3333333333333,371.5
10,20,27.784615384615385,40.96153846153846,51.0,917.3692307692309,172.07692307692307,0.6461538461538462,383.7692307692308,177.3846153846154,478.0769230769231
5,21,25.4,41.12307692307692,61.61538461538461,920.6846153846152,192.84615384615384,1.5,345.15384615384613,182.92307692307693,432.0
1,20,25.34166666666667,36.19166666666667,61.416666666666664,918.25,188.0,1.025,629.9166666666666,119.33333333333331,547.0
4,17,25.566666666666663,41.28333333333333,67.83333333333333,921.4166666666666,203.08333333333337,0.8250000000000001,104.0,316.75,397.25
10,12,27.915384615384617,38.8,49.0,918.546153846154,198.69230769230768,2.1846153846153844,524.1538461538462,141.46153846153845,514.1538461538462
4,15,25.46666666666667,40.40833333333333,69.58333333333333,919.8166666666666,88.08333333333333,1.5166666666666666,102.33333333333331,333.5833333333333,413.25
2,14,25.207692307692305,39.11538461538461,66.84615384615384,918.953846153846,147.23076923076923,0.8153846153846154,304.84615384615387,237.6153846153846,456.61538461538464
8,30,24.766666666666666,41.575,63.75,920.4083333333332,213.08333333333337,1.0833333333333333,199.08333333333337,255.91666666666663,412.0
2,27,25.700000000000003,43.88461538461539,66.61538461538461,916.8076923076924,196.76923076923077,0.5923076923076923,41.61538461538461,282.0769230769231,311.0
6,5,26.383333333333336,43.13333333333333,61.0,920.6166666666668,201.25,2.3333333333333335,438.8333333333333,194.83333333333337,478.3333333333333
5,26,22.200000000000003,44.784615384615385,81.46153846153847,922.746153846154,210.69230769230768,3.230769230769231,208.6153846153846,239.0,391.46153846153845
2,4,26.66153846153846,31.592307692307692,59.30769230769231,920.0,150.46153846153845,0.5615384615384615,603.8461538461538,107.92307692307692,532.6153846153846
8,25,27.95,41.09166666666667,49.25,917.55,138.58333333333334,0.7166666666666667,359.75,229.16666666666663,480.6666666666667
11,2,24.0,44.73076923076923,73.92307692307692,919.7769230769233,68.38461538461539,1.0923076923076922,458.9230769230769,144.6153846153846,470.6923076923077
2,5,27.04615384615385,26.00769230769231,52.46153846153846,918.9692307692308,139.07692307692307,0.7769230769230769,653.5384615384615,97.3846153846154,546.6923076923077
4,24,26.566666666666663,40.65833333333333,55.5,919.575,115.75,0.8166666666666668,368.25,235.83333333333337,477.6666666666667
4,26,25.875,45.425,65.66666666666667,918.0833333333334,156.83333333333334,0.725,151.0,283.1666666666667,403.3333333333333
1,10,26.83076923076923,29.0,51.61538461538461,918.0230769230768,209.69230769230768,0.8615384615384615,673.1538461538462,75.46153846153847,516.0
10,3,22.77692307692308,44.0,74.6923076923077,919.0923076923076,171.0,1.1153846153846154,111.15384615384616,246.30769230769232,316.38461538461536
7,1,26.73846153846154,38.07692307692308,51.53846153846154,918.6461538461538,121.3076923076923,0.9692307692307692,394.53846153846155,180.53846153846155,435.15384615384613
7,9,24.82307692307692,40.42307692307692,61.07692307692308,919.9615384615385,176.69230769230768,1.323076923076923,326.0,160.46153846153845,389.7692307692308
4,15,23.916666666666668,43.68333333333334,69.58333333333333,919.3833333333332,199.58333333333337,0.6749999999999999,83.08333333333333,238.66666666666663,270.1666666666667
3,16,22.27692307692308,41.50769230769231,81.38461538461539,919.9076923076924,202.92307692307693,0.8384615384615385,204.0,231.15384615384616,384.0769230769231
5,29,24.258333333333336,44.45,73.58333333333333,919.7666666666668,47.166666666666664,1.6666666666666667,338.25,201.33333333333337,446.9166666666667
6,19,26.092307692307692,41.95384615384615,62.84615384615385,919.4230769230768,195.69230769230768,1.8615384615384616,328.61538461538464,183.23076923076923,438.53846153846155
4,2,25.96666666666667,44.0,62.916666666666664,917.2583333333332,205.41666666666663,1.45,333.25,229.25,496.8333333333333
4,25,25.066666666666663,43.575,69.41666666666667,919.2,139.0,0.9583333333333334,384.1666666666667,224.5,516.25
7,5,25.04615384615385,33.33076923076923,53.46153846153846,922.6076923076924,200.76923076923077,1.9615384615384617,233.92307692307693,214.92307692307693,363.53846153846155
8,19,26.9,40.676923076923075,49.84615384615385,919.8615384615384,192.15384615384616,2.0615384615384618,131.15384615384616,270.3076923076923,340.84615384615387
1,15,24.666666666666668,37.541666666666664,71.75,918.1,115.16666666666669,0.9416666666666668,402.1666666666667,183.33333333333337,463.25
6,22,25.015384615384615,42.284615384615385,63.92307692307692,920.0846153846154,201.92307692307693,2.246153846153846,257.15384615384613,220.23076923076923,396.46153846153845
1,1,24.941666666666663,45.525,73.58333333333333,918.4166666666666,74.66666666666667,1.5166666666666666,410.8333333333333,185.25,484.6666666666667
9,5,27.108333333333334,41.15,51.416666666666664,919.2666666666664,53.666666666666664,1.9083333333333332,321.0,213.33333333333337,432.6666666666667
6,14,23.766666666666666,41.025,66.16666666666667,921.375,197.5,0.5166666666666667,303.4166666666667,197.58333333333337,435.6666666666667
10,21,26.13076923076923,42.45384615384615,58.53846153846154,920.1384615384616,37.76923076923077,1.8076923076923077,284.6923076923077,219.23076923076923,410.7692307692308
4,13,26.45,39.525,58.75,919.3083333333334,195.75,1.8083333333333331,398.5,198.5,435.5
8,29,27.7,38.19166666666667,48.583333333333336,918.95,143.0,1.2916666666666667,502.75,156.83333333333334,552.1666666666666
9,1,26.96666666666667,39.31666666666667,48.5,921.4083333333332,211.0,2.441666666666667,260.1666666666667,245.5,441.0
1,22,20.983333333333334,30.325,73.75,852.65,170.41666666666666,0.9083333333333332,245.25,237.66666666666663,412.9166666666667
1,25,24.76923076923077,42.599999999999994,69.6923076923077,917.6615384615384,204.15384615384616,1.9230769230769231,310.61538461538464,159.69230769230768,361.6923076923077
6,11,25.15833333333333,42.2,67.33333333333333,921.0,204.0,1.25,455.8333333333333,168.25,501.3333333333333
8,9,28.092307692307692,35.1,43.07692307692308,921.0846153846154,202.0,4.515384615384615,210.53846153846155,266.61538461538464,414.7692307692308
6,25,27.291666666666668,39.69166666666667,51.583333333333336,918.7916666666666,183.91666666666663,1.3416666666666668,290.3333333333333,232.5,453.3333333333333
4,11,23.866666666666664,44.2,72.5,919.5,173.16666666666666,0.85,360.0833333333333,226.08333333333337,526.9166666666666
9,22,27.776923076923076,29.9,46.92307692307692,919.4307692307692,210.69230769230768,0.7461538461538461,602.7692307692307,107.76923076923076,549.3846153846154
1,20,28.415384615384617,42.96153846153846,51.92307692307692,918.2307692307692,185.69230769230768,1.6538461538461535,111.0,270.0,336.46153846153845
4,30,27.3,43.28333333333333,59.583333333333336,919.9833333333332,201.33333333333337,0.95,664.25,115.0,582.0833333333334
5,14,23.069230769230767,44.684615384615384,75.3076923076923,919.8538461538462,205.46153846153845,0.4692307692307692,411.2307692307692,172.84615384615384,466.9230769230769
1,29,25.50769230769231,38.01538461538461,68.23076923076923,919.7769230769233,156.46153846153845,1.492307692307692,274.84615384615387,250.92307692307693,424.2307692307692
6,27,26.746153846153845,39.14615384615384,55.38461538461539,918.0230769230768,188.30769230769232,1.669230769230769,292.2307692307692,200.15384615384616,359.3076923076923
5,15,25.076923076923077,43.815384615384616,66.3076923076923,919.376923076923,183.84615384615384,0.8,175.84615384615384,244.23076923076923,356.38461538461536
11,28,23.82307692307692,41.315384615384616,73.61538461538461,918.953846153846,175.30769230769232,0.5538461538461538,550.8461538461538,103.23076923076924,476.53846153846155
1,31,26.6,36.66153846153846,59.38461538461539,919.623076923077,184.3846153846154,1.0307692307692309,296.6923076923077,179.69230769230768,368.38461538461536
4,22,25.87692307692307,40.676923076923075,57.92307692307692,920.1307692307691,180.23076923076923,0.9384615384615383,176.46153846153845,256.38461538461536,381.84615384615387
7,14,26.73846153846154,36.48461538461539,52.76923076923077,920.0307692307692,205.15384615384616,1.7615384615384615,392.0,192.07692307692307,432.15384615384613
6,30,20.976923076923075,41.96923076923077,80.6923076923077,921.9384615384614,208.46153846153845,2.1692307692307695,194.53846153846155,230.30769230769232,378.46153846153845
4,3,26.333333333333332,41.608333333333334,62.25,919.025,210.5,1.8,366.0833333333333,249.41666666666663,467.5833333333333
1,23,25.799999999999997,43.23846153846154,67.84615384615384,919.1692307692308,23.53846153846154,2.230769230769231,399.15384615384613,181.3846153846154,457.7692307692308
2,9,25.73076923076923,42.27692307692307,65.61538461538461,919.9076923076924,220.53846153846155,0.9307692307692308,366.6923076923077,209.6153846153846,474.46153846153845
1,23,24.653846153846153,40.20769230769231,69.84615384615384,916.0,158.6153846153846,0.6923076923076923,309.0,207.15384615384616,395.38461538461536
7,21,23.06153846153846,41.52307692307692,69.53846153846153,921.8692307692309,207.76923076923077,3.4923076923076923,315.3076923076923,189.3846153846154,438.46153846153845
2,21,27.684615384615384,43.34615384615385,54.23076923076923,918.7,141.46153846153845,0.7538461538461539,229.46153846153845,227.3846153846154,415.38461538461536
1,9,23.791666666666668,41.725,76.0,919.775,259.5,0.7916666666666666,406.6666666666667,184.33333333333337,473.25
9,9,27.633333333333336,36.34166666666667,46.916666666666664,920.3,183.58333333333337,1.1666666666666667,255.66666666666663,287.6666666666667,446.75
9,18,26.46153846153846,40.69230769230769,58.76923076923077,919.3384615384616,248.15384615384616,0.8153846153846154,384.9230769230769,206.6153846153846,477.15384615384613
2,27,24.37692307692307,43.72307692307693,74.3076923076923,920.6307692307691,117.6153846153846,0.953846153846154,285.61538461538464,233.53846153846155,451.0769230769231
8,1,25.56153846153846,34.800000000000004,50.84615384615385,923.5538461538462,183.15384615384616,3.5923076923076924,78.3076923076923,259.6923076923077,314.6923076923077
5,27,24.683333333333337,42.675,67.08333333333333,921.325,208.75,2.1,214.25,273.5,433.5833333333333
7,15,26.692307692307693,35.93076923076923,51.92307692307692,919.6076923076924,200.15384615384616,1.9307692307692308,259.7692307692308,206.0,392.3076923076923
9,17,28.638461538461534,30.9,38.84615384615385,920.9846153846154,201.07692307692307,2.4538461538461536,381.2307692307692,156.76923076923077,410.15384615384613
7,4,25.069230769230767,33.49230769230769,52.61538461538461,922.8,196.15384615384616,2.4615384615384617,613.9230769230769,92.76923076923076,509.0
7,8,26.407692307692308,37.27692307692307,53.61538461538461,919.0307692307692,189.30769230769232,1.176923076923077,424.6923076923077,170.30769230769232,443.2307692307692
1,9,25.86923076923077,33.169230769230765,56.38461538461539,919.4692307692308,164.07692307692307,0.6230769230769231,481.9230769230769,143.07692307692307,470.15384615384613
1,5,23.34166666666667,39.35,75.75,918.4416666666666,118.08333333333331,1.1416666666666666,335.6666666666667,207.91666666666663,460.0833333333333
1,18,24.40833333333333,41.25,71.0,918.65,208.25,0.95,188.75,238.0,378.25
11,14,21.569230769230767,44.315384615384616,86.23076923076923,919.8384615384616,147.69230769230768,1.1,257.38461538461536,163.30769230769232,389.6923076923077
7,2,23.815384615384616,41.892307692307696,68.46153846153847,919.3153846153848,217.84615384615384,0.9461538461538462,289.61538461538464,217.07692307692307,423.15384615384613
6,7,24.3,42.25833333333333,72.0,919.8416666666668,208.33333333333337,1.6666666666666667,288.3333333333333,240.16666666666663,417.75
6,24,25.246153846153845,43.392307692307696,64.61538461538461,918.6384615384616,193.84615384615384,1.0769230769230769,275.61538461538464,191.46153846153845,413.9230769230769
3,27,23.308333333333337,44.64166666666667,76.08333333333333,919.2666666666668,50.916666666666664,1.3083333333333331,92.33333333333331,306.4166666666667,375.5833333333333
6,12,24.816666666666663,41.96666666666667,67.08333333333333,920.0333333333332,204.16666666666663,0.8666666666666667,507.5833333333333,140.08333333333334,523.8333333333334
10,27,26.584615384615383,43.26923076923077,64.61538461538461,917.2,92.92307692307692,1.7307692307692308,305.38461538461536,214.46153846153845,448.53846153846155
6,2,24.975,40.641666666666666,67.58333333333333,919.3583333333332,195.08333333333337,0.2749999999999999,548.5,128.75,536.1666666666666
12,18,24.391666666666666,42.358333333333334,69.83333333333333,919.0666666666666,202.16666666666663,0.975,465.0833333333333,155.5,490.25
1,21,25.23846153846154,40.26153846153846,64.6923076923077,917.4,149.30769230769232,0.6230769230769231,412.0769230769231,169.53846153846155,422.9230769230769
3,19,25.73846153846154,37.57692307692308,67.61538461538461,920.046153846154,105.15384615384616,0.8,181.3846153846154,283.46153846153845,446.2307692307692
10,24,24.315384615384616,43.9076923076923,70.53846153846153,920.5846153846154,99.15384615384616,1.323076923076923,292.53846153846155,155.46153846153845,414.7692307692308
12,17,24.525,42.44166666666667,70.5,919.1083333333332,166.25,0.4916666666666667,455.3333333333333,149.25,463.25
11,30,24.191666666666663,44.575,70.08333333333333,919.3166666666666,189.75,0.5916666666666667,252.91666666666663,212.16666666666663,370.3333333333333
4,16,25.96666666666667,42.958333333333336,63.166666666666664,918.45,203.25,0.4333333333333333,521.4166666666666,164.41666666666666,566.5833333333334
9,13,28.066666666666663,40.583333333333336,47.416666666666664,918.8833333333332,196.58333333333337,3.4583333333333335,144.66666666666666,234.5,307.1666666666667
3,15,21.566666666666663,44.43333333333334,86.83333333333333,920.1416666666668,221.75,1.2916666666666667,148.75,285.4166666666667,420.3333333333333
1,14,27.72307692307692,36.96923076923077,50.84615384615385,917.5230769230768,199.23076923076923,0.8846153846153846,374.0769230769231,164.69230769230768,429.84615384615387
11,15,24.23076923076923,43.72307692307693,69.38461538461539,918.7923076923076,233.15384615384616,0.8999999999999999,386.46153846153845,165.92307692307693,460.2307692307692
10,16,27.72307692307692,42.76923076923077,51.07692307692308,918.453846153846,192.07692307692307,1.853846153846154,125.23076923076924,256.53846153846155,346.53846153846155
1,26,25.525,40.733333333333334,62.583333333333336,917.8,234.66666666666663,0.925,353.4166666666667,205.08333333333337,470.5833333333333
7,28,25.33076923076923,40.51538461538462,59.15384615384615,920.7307692307692,184.0,1.3076923076923077,490.53846153846155,126.0,496.15384615384613
1,13,27.84166666666667,32.61666666666667,49.833333333333336,918.3166666666666,203.5,1.1833333333333331,714.6666666666666,86.0,557.4166666666666
11,4,24.023076923076925,45.0923076923077,74.92307692307692,919.3692307692309,29.23076923076923,1.8384615384615384,262.53846153846155,170.92307692307693,340.38461538461536
6,23,21.9,41.5,77.53846153846153,922.7,193.69230769230768,2.338461538461538,188.0,221.0,359.7692307692308
8,20,27.246153846153845,40.26923076923077,56.15384615384615,919.0153846153846,206.46153846153845,0.5769230769230769,224.92307692307693,228.6153846153846,380.84615384615387
8,31,27.633333333333336,40.016666666666666,49.333333333333336,919.7833333333332,196.75,1.825,357.4166666666667,207.75,464.0
4,2,22.458333333333332,43.75,83.25,921.1416666666668,202.5,2.066666666666667,99.75,243.58333333333337,331.9166666666667
7,25,25.569230769230767,39.36923076923077,54.07692307692308,920.9153846153846,189.6153846153846,1.5,147.53846153846155,240.69230769230768,347.9230769230769
2,2,26.799999999999997,39.400000000000006,56.92307692307692,917.5384615384615,198.69230769230768,0.7769230769230769,164.53846153846155,284.2307692307692,383.53846153846155
9,12,29.275,39.49166666666667,43.0,917.4083333333332,184.75,2.4166666666666665,334.25,232.58333333333337,466.8333333333333
2,24,25.06153846153846,41.900000000000006,68.76923076923077,918.5076923076924,215.69230769230768,0.7846153846153846,127.23076923076924,225.07692307692307,329.0
9,9,28.183333333333337,36.958333333333336,45.166666666666664,919.7083333333334,153.16666666666666,0.7916666666666666,526.0,174.16666666666666,543.5
5,3,24.866666666666664,46.3,67.16666666666667,920.1083333333332,202.16666666666663,1.1583333333333334,85.5,273.6666666666667,335.3333333333333
3,29,26.275,40.55,68.66666666666667,918.2083333333334,53.333333333333336,1.0166666666666666,253.58333333333337,290.0833333333333,497.6666666666667
5,12,24.930769230769233,42.55384615384616,66.53846153846153,920.3153846153848,204.07692307692307,2.515384615384616,383.15384615384613,185.30769230769232,436.7692307692308
8,29,27.708333333333332,38.541666666666664,46.5,919.525,178.16666666666666,1.9166666666666667,56.166666666666664,314.8333333333333,360.8333333333333
5,29,25.23846153846154,43.34615384615385,67.84615384615384,920.5153846153846,179.0,0.5615384615384615,510.38461538461536,119.07692307692308,495.46153846153845
9,10,28.808333333333337,36.358333333333334,41.333333333333336,919.175,177.75,1.425,285.3333333333333,202.75,409.0
10,2,27.715384615384615,39.246153846153845,47.46153846153846,917.5076923076924,198.46153846153845,1.5,426.84615384615387,168.3846153846154,437.0769230769231
3,1,26.04615384615385,42.91538461538461,69.15384615384616,919.8461538461538,196.15384615384616,0.4769230769230769,261.0,263.2307692307692,452.84615384615387
12,31,23.766666666666666,46.75,79.08333333333333,918.9916666666668,79.0,1.4083333333333332,331.5833333333333,210.5,455.1666666666667
3,15,23.569230769230767,43.76923076923077,77.46153846153847,920.3153846153848,125.6153846153846,1.0076923076923077,143.15384615384616,272.0769230769231,366.61538461538464
12,14,25.175,37.6,66.75,919.025,219.75,0.425,525.25,142.16666666666666,504.5
2,17,29.284615384615385,38.03846153846154,46.69230769230769,916.3307692307692,220.76923076923077,1.6538461538461535,271.0769230769231,219.23076923076923,376.9230769230769
11,18,24.5,44.16153846153846,73.61538461538461,919.3307692307692,19.846153846153847,1.9692307692307691,229.3846153846154,189.53846153846155,389.84615384615387
7,27,27.015384615384615,38.323076923076925,48.30769230769231,920.2615384615384,195.0,2.207692307692308,270.6923076923077,200.69230769230768,365.9230769230769
1,4,24.65,28.0,68.41666666666667,921.825,164.25,0.7916666666666666,617.25,117.91666666666669,534.6666666666666
5,10,26.758333333333336,43.3,62.5,920.3416666666668,204.75,1.3333333333333333,256.75,261.9166666666667,420.75
10,21,26.49230769230769,43.87692307692308,59.15384615384615,919.5230769230768,202.84615384615384,2.2384615384615385,294.46153846153845,212.69230769230768,437.9230769230769
8,17,27.09166666666667,43.84166666666667,53.25,919.5916666666668,78.66666666666667,1.9083333333333332,33.583333333333336,185.91666666666663,197.08333333333337
8,31,27.541666666666668,39.28333333333333,47.916666666666664,919.6916666666666,154.58333333333334,1.0583333333333331,113.0,303.5,396.0833333333333
11,19,23.861538461538466,41.96923076923077,73.76923076923077,919.3461538461538,34.23076923076923,1.276923076923077,435.61538461538464,134.30769230769232,456.38461538461536
1,3,25.183333333333337,31.233333333333334,69.66666666666667,921.125,191.33333333333337,0.5666666666666667,546.6666666666666,148.08333333333334,513.0
3,10,25.50769230769231,46.184615384615384,73.0,920.0384615384615,114.3076923076923,0.8769230769230769,282.0769230769231,218.30769230769232,460.38461538461536
9,19,26.458333333333332,43.75833333333333,59.666666666666664,919.6,275.5833333333333,0.5416666666666666,94.0,228.33333333333337,273.0
6,13,26.691666666666663,42.59166666666667,56.833333333333336,918.9416666666666,130.0,0.6916666666666668,358.8333333333333,211.75,445.5
12,27,23.5,44.35,78.83333333333333,917.9,17.416666666666668,2.0833333333333335,162.0,277.1666666666667,403.5833333333333
6,3,25.075,41.775,66.66666666666667,919.7583333333332,196.41666666666663,0.8666666666666667,590.5833333333334,119.16666666666669,545.3333333333334
3,28,25.553846153846152,40.76923076923077,71.46153846153847,916.9923076923076,97.3076923076923,0.7846153846153847,179.53846153846155,295.7692307692308,438.7692307692308
1,8,23.925,40.85,71.25,919.625,165.91666666666666,0.425,171.5,233.25,341.3333333333333
11,20,23.915384615384617,42.94615384615384,72.23076923076923,918.9153846153846,120.6153846153846,0.8615384615384615,502.0769230769231,119.6923076923077,476.61538461538464
3,23,25.35,38.25833333333333,65.5,921.6166666666668,208.91666666666663,0.6416666666666667,87.75,312.9166666666667,390.3333333333333
2,18,24.73076923076923,42.73846153846154,73.84615384615384,918.7153846153846,158.3846153846154,1.1923076923076923,105.3076923076923,309.6923076923077,389.0769230769231
6,21,23.33076923076923,39.13846153846154,71.53846153846153,922.5230769230768,205.23076923076923,2.792307692307692,532.7692307692307,121.15384615384616,483.15384615384613
11,14,24.884615384615383,41.46153846153846,68.61538461538461,918.6153846153846,44.23076923076923,1.0769230769230769,264.53846153846155,196.84615384615384,376.84615384615387
10,18,28.146153846153844,39.26923076923077,46.0,917.4,201.69230769230768,1.7384615384615385,438.38461538461536,176.76923076923077,478.9230769230769
9,29,27.53846153846154,39.95384615384615,46.30769230769231,919.4076923076924,78.84615384615384,1.376923076923077,226.84615384615384,225.07692307692307,368.0769230769231
8,13,29.184615384615384,42.93846153846154,44.30769230769231,916.5153846153846,196.23076923076923,2.8,77.53846153846153,242.46153846153845,301.38461538461536
10,5,26.592307692307692,41.607692307692304,58.23076923076923,919.7769230769233,200.3846153846154,2.292307692307692,407.84615384615387,164.76923076923077,489.38461538461536
7,28,27.692307692307693,38.83846153846154,46.46153846153846,919.2076923076924,195.53846153846155,2.430769230769231,288.7692307692308,228.07692307692307,414.0
3,18,25.292307692307695,40.107692307692304,72.84615384615384,919.7384615384616,129.46153846153845,1.1846153846153846,140.30769230769232,329.46153846153845,441.38461538461536
8,16,26.566666666666663,41.90833333333333,54.25,919.8916666666668,154.58333333333334,1.0166666666666666,341.3333333333333,249.08333333333337,483.8333333333333
6,29,24.67692307692308,39.22307692307693,61.76923076923077,921.623076923077,194.69230769230768,2.330769230769231,194.84615384615384,269.0769230769231,370.46153846153845
12,1,25.208333333333332,42.99166666666667,67.75,918.625,77.0,0.85,374.75,220.91666666666663,460.1666666666667
12,29,23.983333333333334,40.483333333333334,73.58333333333333,918.775,223.25,0.8916666666666667,132.41666666666666,270.5833333333333,345.6666666666667
3,14,22.076923076923077,42.93076923076923,84.76923076923077,921.5769230769232,147.15384615384616,0.9692307692307692,206.53846153846155,239.69230769230768,400.3076923076923
4,12,23.21666666666667,43.31666666666666,73.58333333333333,919.875,204.58333333333337,2.1416666666666666,0.25,105.58333333333331,105.58333333333331
5,23,25.615384615384617,46.02307692307692,64.6923076923077,920.876923076923,185.0,2.1153846153846154,401.2307692307692,194.3846153846154,443.6923076923077
12,11,24.141666666666666,42.75833333333333,76.83333333333333,918.175,109.08333333333331,0.8666666666666667,428.5,170.25,471.5
8,21,27.46666666666667,38.225,56.166666666666664,919.4916666666668,191.25,0.525,377.1666666666667,192.75,472.0
6,11,24.8,42.76666666666667,67.33333333333333,920.7333333333332,114.83333333333331,0.6583333333333333,335.3333333333333,228.66666666666663,466.6666666666667
8,6,27.069230769230767,35.44615384615385,45.38461538461539,920.0615384615384,207.0,3.946153846153846,174.6153846153846,260.2307692307692,383.38461538461536
10,14,27.06153846153846,36.823076923076925,44.0,918.323076923077,218.6153846153846,0.8999999999999999,254.46153846153845,200.07692307692307,407.7692307692308
11,15,24.692307692307693,43.0,73.15384615384616,918.2923076923076,140.3846153846154,1.1538461538461535,239.07692307692307,226.84615384615384,372.7692307692308
9,2,28.116666666666664,37.333333333333336,44.333333333333336,920.6083333333332,138.66666666666666,1.0416666666666667,441.5833333333333,204.83333333333337,510.9166666666667
3,20,23.625,43.71666666666667,77.75,919.0083333333332,23.0,1.6,84.33333333333333,260.6666666666667,330.5833333333333
4,12,25.891666666666666,44.76666666666667,66.58333333333333,920.6916666666666,194.91666666666663,0.4333333333333333,85.91666666666667,183.0,225.91666666666663
11,21,24.27692307692308,40.07692307692308,68.76923076923077,919.4384615384616,112.92307692307692,0.8923076923076922,338.0,193.0,430.84615384615387
4,25,26.475,39.766666666666666,63.5,919.275,161.58333333333334,0.7666666666666666,483.8333333333333,197.25,550.3333333333334
1,25,26.215384615384615,44.83076923076923,68.76923076923077,919.323076923077,50.76923076923077,1.4076923076923078,171.53846153846155,262.7692307692308,368.6923076923077
4,7,22.646153846153844,42.53076923076923,72.76923076923077,920.2692307692308,175.0,0.7692307692307693,193.84615384615384,190.07692307692307,298.84615384615387
5,6,22.191666666666663,43.975,81.08333333333333,921.9,63.75,1.0916666666666666,459.5833333333333,163.25,534.5833333333334
9,15,26.458333333333332,38.916666666666664,51.0,921.1583333333332,162.5,1.5916666666666668,242.58333333333337,134.33333333333334,310.4166666666667
8,4,25.892307692307693,36.36153846153846,47.92307692307692,922.4923076923076,196.6153846153846,4.415384615384616,37.30769230769231,206.84615384615384,218.15384615384616
4,30,19.1,42.31666666666667,90.5,923.7416666666668,129.33333333333334,1.7666666666666666,38.166666666666664,319.5,352.0833333333333
7,21,28.261538461538464,37.9,45.38461538461539,918.5538461538462,195.76923076923077,2.0615384615384618,318.61538461538464,205.46153846153845,428.9230769230769
4,20,25.853846153846156,36.95384615384615,59.15384615384615,920.5615384615384,184.92307692307693,1.853846153846154,441.7692307692308,165.30769230769232,437.3076923076923
4,27,21.65,46.65833333333333,87.66666666666667,920.125,236.75,0.4916666666666667,68.75,279.6666666666667,329.6666666666667
5,26,26.45384615384615,43.86923076923077,59.0,920.3692307692309,200.69230769230768,3.5461538461538464,222.23076923076923,249.15384615384616,398.0
2,6,26.46923076923077,42.5923076923077,61.92307692307692,918.6076923076924,205.6153846153846,0.5,229.92307692307693,245.53846153846155,411.15384615384613
2,14,28.54615384615385,39.4076923076923,49.84615384615385,917.7923076923076,224.84615384615384,1.0923076923076922,354.0769230769231,221.69230769230768,480.46153846153845
4,6,20.008333333333333,44.28333333333333,86.58333333333333,921.375,158.83333333333334,0.7666666666666666,196.0,266.0833333333333,379.4166666666667
12,23,24.775,39.7,68.75,918.8416666666668,148.08333333333334,0.7166666666666667,566.75,131.0,512.75
5,27,25.183333333333337,42.24166666666667,61.5,920.4916666666668,200.41666666666663,3.0500000000000003,95.25,250.41666666666663,316.5
12,5,25.05,41.475,69.58333333333333,919.85,193.16666666666663,0.4083333333333334,356.5,178.33333333333334,458.1666666666667
4,19,25.72307692307692,39.43076923076923,59.38461538461539,920.8692307692309,196.23076923076923,1.6615384615384616,538.6153846153846,149.30769230769232,530.6153846153846
5,18,23.153846153846153,47.43076923076923,77.46153846153847,921.623076923077,168.07692307692307,2.269230769230769,351.7692307692308,189.69230769230768,418.6923076923077
2,17,24.416666666666668,42.15833333333333,73.0,919.0333333333332,116.41666666666669,1.4416666666666669,109.33333333333331,298.5,381.4166666666667
2,8,27.484615384615385,38.03846153846154,51.15384615384615,919.2769230769233,60.46153846153846,1.484615384615385,271.3076923076923,213.53846153846155,418.2307692307692
10,7,27.62307692307693,38.73076923076923,47.53846153846154,919.5923076923076,197.76923076923077,2.5923076923076924,100.84615384615384,209.69230769230768,279.9230769230769
8,1,28.569230769230767,29.76153846153846,40.23076923076923,920.4769230769232,205.76923076923077,3.769230769230769,203.92307692307693,233.30769230769232,364.0
7,19,21.96923076923077,40.95384615384615,72.61538461538461,923.2,202.53846153846155,1.7000000000000002,222.0,234.30769230769232,368.7692307692308
8,5,24.215384615384615,36.54615384615384,50.38461538461539,921.7615384615384,186.84615384615384,2.838461538461538,116.6923076923077,250.53846153846155,339.84615384615387
11,7,25.22307692307692,38.12307692307692,61.38461538461539,919.753846153846,122.3076923076923,0.823076923076923,416.15384615384613,163.69230769230768,460.0
6,28,26.76923076923077,41.4076923076923,55.23076923076923,918.1153846153846,171.23076923076923,1.2461538461538462,111.07692307692308,262.3076923076923,348.3076923076923
9,14,28.975,35.266666666666666,42.333333333333336,920.6333333333332,173.33333333333334,1.2333333333333334,277.9166666666667,245.0,464.8333333333333
10,26,26.12307692307693,41.80769230769231,63.69230769230769,918.8538461538462,190.23076923076923,1.3846153846153846,413.53846153846155,156.30769230769232,477.3076923076923
3,14,23.9,41.57692307692308,73.0,919.876923076923,243.15384615384616,0.6076923076923078,149.69230769230768,268.61538461538464,409.46153846153845
5,13,25.06153846153846,43.099999999999994,66.15384615384616,920.1384615384616,199.46153846153845,1.1,407.0,156.15384615384616,454.84615384615387
9,3,28.833333333333332,38.083333333333336,42.583333333333336,917.3833333333332,192.08333333333337,2.183333333333333,574.0,157.66666666666666,561.8333333333334
5,9,24.16923076923077,43.29230769230769,70.07692307692308,920.823076923077,208.07692307692307,2.4153846153846152,469.0769230769231,164.0,494.6923076923077
4,11,26.666666666666668,44.21666666666667,62.5,919.3833333333332,164.25,0.4583333333333333,120.16666666666669,269.4166666666667,345.75
8,23,26.958333333333332,40.43333333333333,51.666666666666664,919.725,154.5,1.2583333333333333,639.3333333333334,117.5,572.6666666666666
10,16,23.9,42.676923076923075,72.92307692307692,920.8,93.53846153846152,1.0307692307692309,129.3846153846154,213.46153846153845,337.6923076923077
10,28,24.46923076923077,47.284615384615385,77.3076923076923,917.176923076923,140.46153846153845,1.3538461538461537,107.07692307692308,266.61538461538464,361.53846153846155
11,22,24.346153846153847,40.3,72.3076923076923,918.7923076923076,59.92307692307692,0.9384615384615383,482.0,122.0,470.53846153846155
9,26,27.215384615384615,36.92307692307692,45.38461538461539,920.2923076923076,118.76923076923076,0.5,238.53846153846155,230.6153846153846,387.15384615384613
12,21,24.84166666666667,37.85,67.5,919.1833333333334,104.08333333333331,0.7083333333333334,604.3333333333334,120.83333333333331,520.6666666666666
2,20,28.523076923076925,43.05384615384616,51.84615384615385,917.0769230769232,152.0,1.1307692307692307,267.6923076923077,214.84615384615384,418.84615384615387
9,18,28.62307692307693,33.96153846153846,40.15384615384615,919.3538461538462,182.15384615384616,2.046153846153846,557.5384615384615,125.0,521.6923076923077
8,28,28.366666666666664,36.61666666666667,46.583333333333336,919.95,175.66666666666666,1.2666666666666666,493.8333333333333,161.08333333333334,547.9166666666666
9,24,26.96153846153846,38.77692307692307,46.92307692307692,920.746153846154,202.3846153846154,2.8461538461538463,94.84615384615384,320.61538461538464,392.84615384615387
6,26,26.066666666666663,42.041666666666664,60.833333333333336,919.4666666666668,148.41666666666666,0.6666666666666666,257.75,158.08333333333334,350.25
3,30,22.253846153846155,45.861538461538466,83.84615384615384,919.5230769230768,188.69230769230768,1.4,91.15384615384616,150.07692307692307,205.76923076923077
1,6,24.025,40.4,72.91666666666667,919.3416666666668,116.66666666666669,0.8916666666666666,272.0833333333333,220.58333333333337,426.25
2,23,25.284615384615385,47.00769230769231,72.46153846153847,919.746153846154,107.84615384615384,0.5307692307692308,26.615384615384617,268.53846153846155,292.84615384615387
12,25,24.141666666666666,44.625,76.5,917.7416666666668,23.833333333333332,2.0500000000000003,49.583333333333336,243.83333333333337,279.0
11,19,23.43846153846154,45.41538461538461,78.61538461538461,919.4,103.6923076923077,0.7153846153846153,167.6153846153846,224.0,323.2307692307692
2,22,24.292307692307695,47.75384615384615,77.0,920.3692307692309,178.92307692307693,0.9384615384615383,134.53846153846155,282.38461538461536,389.15384615384613
10,22,27.807692307692307,41.76153846153846,53.61538461538461,918.8076923076924,218.76923076923077,0.8923076923076922,134.30769230769232,249.15384615384616,338.0
11,25,21.25,45.075,86.75,921.1333333333332,129.25,1.1416666666666666,95.5,216.58333333333337,284.5833333333333
11,13,24.553846153846152,40.361538461538466,68.23076923076923,919.1153846153846,104.84615384615384,0.6000000000000001,353.9230769230769,180.92307692307693,418.46153846153845
5,6,25.15,43.46666666666667,67.91666666666667,919.7,198.0,1.6083333333333334,112.25,230.5,326.5833333333333
4,13,26.6,39.825,61.083333333333336,920.7166666666668,237.58333333333337,0.6,555.3333333333334,162.41666666666666,580.0833333333334
6,10,22.95,41.925,72.66666666666667,922.5083333333332,72.08333333333333,1.2333333333333334,239.58333333333337,246.0,429.0
5,16,23.807692307692307,46.0,76.38461538461539,920.4461538461538,206.84615384615384,2.1846153846153844,549.4615384615385,110.6923076923077,512.1538461538462
1,5,25.333333333333332,32.141666666666666,70.16666666666667,921.3333333333334,21.333333333333332,2.6,679.1666666666666,97.25,547.1666666666666
9,11,26.59166666666667,40.7,52.25,921.25,182.0,1.3,284.5833333333333,236.5,462.6666666666667
8,30,26.125,39.891666666666666,53.75,919.975,199.66666666666663,2.3333333333333335,210.66666666666663,253.25,405.4166666666667
11,3,24.523076923076925,39.58461538461539,73.53846153846153,918.5692307692308,208.23076923076923,0.6307692307692309,398.84615384615387,185.23076923076923,476.38461538461536
7,1,23.77692307692308,36.95384615384615,63.92307692307692,922.0846153846154,208.0,2.107692307692308,249.46153846153845,216.0,379.0
11,6,25.03846153846154,41.52307692307692,70.84615384615384,917.7615384615384,193.3846153846154,1.0076923076923077,177.76923076923077,238.07692307692307,388.46153846153845
4,18,25.333333333333332,43.06666666666666,64.41666666666667,919.5666666666666,215.5,1.3,387.8333333333333,236.75,495.25
9,28,26.27692307692308,40.76153846153846,57.84615384615385,917.6846153846152,192.30769230769232,0.9153846153846156,263.3076923076923,218.69230769230768,387.9230769230769
6,14,21.091666666666665,44.6,84.08333333333333,921.8833333333332,168.08333333333334,1.2166666666666666,237.08333333333337,214.5,364.4166666666667
8,27,26.708333333333332,38.78333333333333,51.5,919.3,111.0,0.6583333333333333,313.0,235.66666666666663,436.0833333333333
10,31,22.646153846153844,43.892307692307696,79.61538461538461,921.5076923076924,58.30769230769231,0.7846153846153847,176.23076923076923,158.76923076923077,256.38461538461536
3,23,24.241666666666664,42.291666666666664,72.75,919.8583333333332,267.6666666666667,0.5166666666666667,232.33333333333337,312.5,464.0
3,3,26.49230769230769,42.12307692307692,66.6923076923077,918.4307692307692,195.6153846153846,0.7846153846153847,133.76923076923077,264.61538461538464,335.9230769230769
4,4,22.308333333333337,44.9,79.91666666666667,919.55,160.41666666666666,1.7083333333333333,209.33333333333337,276.9166666666667,409.4166666666667
9,15,29.041666666666668,39.65,44.583333333333336,920.1416666666668,173.0,1.0583333333333331,345.9166666666667,211.75,483.0833333333333
2,21,23.8,42.18333333333333,75.41666666666667,919.725,226.33333333333337,0.7333333333333334,274.5833333333333,219.5,435.4166666666667
2,25,25.892307692307693,41.215384615384615,65.92307692307692,917.8307692307692,196.30769230769232,1.2307692307692308,231.15384615384616,219.6153846153846,393.0
7,17,27.16923076923077,37.315384615384616,50.07692307692308,919.4846153846154,198.15384615384616,3.353846153846154,243.0,221.76923076923077,412.38461538461536
11,6,25.13076923076923,39.08461538461539,62.84615384615385,919.823076923077,145.76923076923077,0.7,520.0,119.46153846153848,480.3076923076923
8,14,27.691666666666663,43.46666666666667,52.833333333333336,917.1166666666668,202.91666666666663,2.875,357.3333333333333,222.83333333333337,478.9166666666667
10,20,25.72307692307692,39.73076923076923,58.30769230769231,920.9615384615385,40.84615384615385,1.0769230769230769,517.0769230769231,115.23076923076924,509.9230769230769
10,1,26.807692307692307,39.85384615384616,53.92307692307692,918.6461538461538,198.23076923076923,0.7384615384615384,308.7692307692308,217.23076923076923,449.7692307692308
9,30,20.423076923076923,44.79230769230769,85.0,921.6846153846152,174.69230769230768,0.8846153846153846,112.92307692307692,161.3846153846154,240.0
2,20,22.861538461538466,41.95384615384615,78.92307692307692,920.0615384615384,156.3846153846154,0.9230769230769232,274.0,252.3846153846154,467.15384615384613
12,22,24.733333333333334,42.291666666666664,70.91666666666667,919.2166666666668,59.75,0.7083333333333334,373.1666666666667,173.58333333333334,454.75
5,5,26.924999999999997,43.53333333333333,57.916666666666664,918.625,197.0,1.0083333333333333,237.58333333333337,246.5,442.75
2,15,25.084615384615383,43.22307692307693,72.3076923076923,919.4153846153846,145.53846153846155,1.123076923076923,138.76923076923077,253.46153846153845,354.0
2,28,25.984615384615385,42.85384615384616,66.76923076923077,916.2307692307692,173.23076923076923,0.7076923076923076,248.30769230769232,264.0769230769231,455.3076923076923
11,8,23.715384615384615,43.15384615384615,68.46153846153847,920.2230769230767,163.84615384615384,0.5923076923076923,124.6923076923077,192.23076923076923,282.84615384615387
3,11,23.638461538461534,43.107692307692304,76.3076923076923,919.7,141.30769230769232,0.8076923076923077,143.46153846153845,222.92307692307693,314.0
1,1,24.6,41.641666666666666,74.16666666666667,919.2833333333332,108.66666666666669,0.9916666666666668,296.6666666666667,222.83333333333337,436.1666666666667
8,8,26.82307692307692,38.94615384615385,48.23076923076923,921.0923076923076,126.15384615384616,1.7076923076923076,421.0769230769231,175.46153846153845,458.53846153846155
11,23,22.483333333333334,45.6,80.66666666666667,919.7583333333332,135.66666666666666,1.4583333333333333,193.5,255.0,378.25
9,25,27.553846153846152,33.16153846153846,45.46153846153846,920.9692307692308,207.07692307692307,1.2692307692307692,296.61538461538464,231.53846153846155,451.7692307692308
4,9,21.183333333333337,44.98333333333333,84.91666666666667,921.5583333333334,112.58333333333331,1.0583333333333331,173.5,309.4166666666667,420.3333333333333
3,13,21.12307692307693,41.53076923076923,84.92307692307692,921.5615384615384,186.46153846153845,0.6,138.6153846153846,232.15384615384616,303.15384615384613
10,23,25.653846153846153,43.93846153846154,64.3076923076923,919.253846153846,88.46153846153847,1.353846153846154,411.15384615384613,139.92307692307693,478.9230769230769
11,25,25.76923076923077,40.361538461538466,61.76923076923077,918.6307692307691,167.07692307692307,0.6000000000000001,559.3076923076923,111.53846153846152,487.2307692307692
4,22,25.875,38.49166666666667,60.25,919.0166666666668,160.0,0.75,568.0,149.75,568.5833333333334
3,17,21.684615384615384,43.02307692307692,85.23076923076923,919.0384615384615,210.0,0.5692307692307692,82.61538461538461,181.76923076923077,252.53846153846155
4,24,25.633333333333336,39.458333333333336,63.75,919.6166666666668,220.83333333333337,0.6416666666666667,455.1666666666667,196.83333333333337,545.1666666666666
8,23,28.10769230769231,38.50769230769231,45.69230769230769,917.0769230769232,150.15384615384616,1.3615384615384616,443.3076923076923,158.69230769230768,501.0769230769231
6,10,26.583333333333332,35.608333333333334,50.25,920.4083333333332,38.0,0.8166666666666668,606.5833333333334,108.83333333333331,545.6666666666666
3,13,25.553846153846152,43.715384615384615,72.46153846153847,918.7692307692308,139.76923076923077,0.9846153846153848,421.53846153846155,193.6153846153846,522.4615384615385
10,2,26.63076923076923,40.43076923076923,53.23076923076923,918.823076923077,114.23076923076924,0.676923076923077,471.6923076923077,147.0,458.84615384615387
2,1,26.6,41.107692307692304,60.0,919.323076923077,182.30769230769232,0.5923076923076923,140.76923076923077,257.2307692307692,358.84615384615387
5,7,24.566666666666663,43.68333333333334,70.41666666666667,920.35,246.58333333333337,0.25,454.6666666666667,172.75,534.9166666666666
6,5,25.815384615384616,40.45384615384615,57.30769230769231,919.2923076923076,185.69230769230768,1.2692307692307692,538.6153846153846,120.07692307692308,498.0769230769231
5,20,25.907692307692308,41.900000000000006,64.76923076923077,920.5076923076924,178.15384615384616,1.2538461538461538,301.9230769230769,221.53846153846155,394.84615384615387
12,14,24.316666666666663,38.733333333333334,70.0,919.675,142.5,1.2083333333333333,580.5,116.08333333333331,512.0833333333334
8,15,26.146153846153844,40.176923076923075,53.84615384615385,921.0153846153846,170.53846153846155,0.5461538461538461,352.84615384615387,204.92307692307693,465.0
3,5,27.17692307692308,39.823076923076925,60.69230769230769,919.1538461538462,222.53846153846155,0.8384615384615385,311.38461538461536,231.6153846153846,449.38461538461536
5,7,24.991666666666664,45.666666666666664,67.83333333333333,920.9166666666666,209.25,1.7333333333333334,1.25,210.58333333333337,211.0
8,12,29.32307692307692,39.70769230769231,43.61538461538461,916.7923076923076,186.3846153846154,2.715384615384615,406.0769230769231,176.84615384615384,478.7692307692308
5,19,21.258333333333336,46.53333333333333,86.0,922.3583333333332,142.66666666666666,0.9666666666666668,92.91666666666669,298.8333333333333,340.0
6,15,20.591666666666665,44.40833333333333,86.83333333333333,923.15,214.0,2.7916666666666665,223.75,258.25,391.6666666666667
10,6,26.95384615384615,36.892307692307696,48.23076923076923,919.3692307692309,202.30769230769232,1.446153846153846,485.61538461538464,147.3846153846154,516.6153846153846
10,11,20.946153846153848,44.95384615384615,85.3076923076923,922.1846153846152,220.0,1.053846153846154,94.23076923076924,221.23076923076923,266.6923076923077
9,8,27.433333333333337,39.81666666666667,50.416666666666664,919.7333333333332,133.75,0.875,313.5833333333333,238.0,430.0833333333333
11,10,24.484615384615385,44.36923076923077,73.38461538461539,918.8153846153848,90.0,1.0769230769230769,173.15384615384616,211.07692307692307,358.46153846153845
3,6,26.715384615384615,39.253846153846155,61.76923076923077,919.4230769230768,199.15384615384616,0.6307692307692307,471.0,173.46153846153845,533.0
11,7,25.17692307692308,40.138461538461534,68.38461538461539,918.6692307692308,223.69230769230768,0.6846153846153846,25.46153846153846,250.6153846153846,274.0769230769231
1,12,27.092307692307692,34.792307692307695,52.30769230769231,918.6615384615384,188.0,0.9692307692307692,151.23076923076923,283.46153846153845,351.0
11,10,24.592307692307692,44.19230769230769,73.46153846153847,919.6692307692308,47.07692307692308,0.9615384615384616,30.46153846153846,234.6153846153846,258.84615384615387
7,5,25.63076923076923,39.35384615384616,60.46153846153846,919.676923076923,162.30769230769232,1.0692307692307692,390.2307692307692,172.76923076923077,434.6923076923077
11,29,24.791666666666668,43.05833333333334,69.0,919.175,196.41666666666663,0.6416666666666667,229.5,220.58333333333337,379.5833333333333
12,16,24.758333333333336,40.15,70.25,918.2666666666668,266.5833333333333,0.3999999999999999,501.75,158.16666666666666,494.5833333333333
4,9,21.575,49.21666666666667,91.33333333333331,921.25,160.5,0.9083333333333332,335.1666666666667,233.5,506.75
6,25,23.958333333333332,39.125,66.08333333333333,921.0666666666666,157.91666666666666,0.3416666666666666,240.5,264.5833333333333,409.9166666666667
7,22,22.5,41.06923076923077,72.38461538461539,923.1923076923076,195.30769230769232,2.338461538461538,233.30769230769232,231.92307692307693,389.46153846153845
1,31,26.684615384615384,31.4,50.84615384615385,918.0615384615384,177.53846153846155,1.2076923076923076,530.1538461538462,120.3846153846154,503.9230769230769
3,4,24.8,40.84166666666667,66.91666666666667,919.7083333333334,194.33333333333337,0.6666666666666666,99.91666666666669,286.8333333333333,360.3333333333333
3,9,26.076923076923077,45.30769230769231,71.3076923076923,919.4,148.6153846153846,0.6692307692307692,9.461538461538462,207.46153846153845,211.15384615384616
9,12,25.383333333333336,41.28333333333333,55.666666666666664,922.1416666666668,204.25,3.0500000000000003,60.75,190.58333333333337,227.83333333333337
2,10,25.0,44.83076923076923,71.38461538461539,917.9923076923076,66.92307692307692,1.6615384615384616,395.53846153846155,164.69230769230768,478.38461538461536
11,4,24.846153846153847,39.53846153846154,71.6923076923077,919.2,218.84615384615384,0.4846153846153846,345.9230769230769,185.23076923076923,456.3076923076923
9,4,26.125,43.05,62.166666666666664,919.5083333333332,228.41666666666663,0.8416666666666667,267.5833333333333,273.9166666666667,451.9166666666667
4,28,23.2,43.10833333333333,75.75,920.0166666666668,210.5,1.125,380.4166666666667,215.58333333333337,484.4166666666667
5,31,24.0,44.42307692307692,69.92307692307692,921.3461538461538,198.15384615384616,1.5230769230769232,208.76923076923077,216.07692307692307,365.7692307692308
4,6,25.338461538461537,47.23846153846154,72.23076923076923,919.4384615384616,194.46153846153845,0.6923076923076923,255.15384615384616,193.46153846153845,351.0
7,26,26.146153846153844,40.284615384615385,54.92307692307692,920.7692307692308,174.46153846153845,1.276923076923077,443.6923076923077,169.46153846153845,466.15384615384613
7,7,25.96923076923077,41.0923076923077,61.0,919.5846153846154,176.76923076923077,1.1076923076923078,327.6923076923077,194.76923076923077,392.15384615384613
11,13,24.32307692307692,46.361538461538466,75.07692307692308,919.4384615384616,118.6153846153846,0.823076923076923,66.92307692307692,212.92307692307693,269.0769230769231
9,24,23.692307692307693,42.05384615384616,68.3076923076923,922.246153846154,205.6153846153846,3.5615384615384613,128.69230769230768,218.6153846153846,320.38461538461536
1,18,29.23846153846154,38.9,45.76923076923077,918.2692307692308,202.3846153846154,2.1153846153846154,359.9230769230769,164.15384615384616,376.0769230769231
8,28,26.575,41.03333333333333,55.583333333333336,920.5083333333332,188.25,1.8333333333333333,397.25,206.0,500.6666666666667
5,31,24.884615384615383,44.099999999999994,69.46153846153847,921.6153846153846,197.30769230769232,0.4615384615384615,295.84615384615387,187.84615384615384,412.7692307692308
12,9,24.708333333333332,44.225,73.83333333333333,918.7333333333332,125.83333333333331,1.325,259.9166666666667,212.66666666666663,419.25
7,6,25.292307692307695,41.73846153846154,64.61538461538461,919.8538461538462,199.07692307692307,0.9923076923076922,215.30769230769232,215.46153846153845,389.61538461538464
6,18,25.55,40.166666666666664,61.25,920.9416666666666,205.08333333333337,1.9833333333333336,493.5,154.75,512.6666666666666
12,1,23.799999999999997,41.56153846153846,70.53846153846153,920.3,92.46153846153848,1.0769230769230769,277.38461538461536,173.23076923076923,392.84615384615387
8,13,26.207692307692305,40.323076923076925,53.30769230769231,921.5538461538462,185.69230769230768,1.1615384615384614,162.23076923076923,264.6923076923077,378.61538461538464
6,8,26.075,40.03333333333333,55.833333333333336,921.7,202.16666666666663,1.4583333333333333,178.16666666666666,263.4166666666667,340.4166666666667
7,20,27.753846153846155,38.99230769230769,48.23076923076923,918.046153846154,198.6153846153846,2.553846153846154,215.07692307692307,246.15384615384616,381.53846153846155
2,6,27.384615384615383,25.015384615384615,46.07692307692308,919.046153846154,155.76923076923077,0.9461538461538462,645.0,102.53846153846152,545.5384615384615
9,1,27.25,39.4,47.833333333333336,920.0416666666666,207.75,4.008333333333334,239.0,273.75,422.3333333333333
5,4,26.93846153846154,43.54615384615385,58.53846153846154,918.0692307692308,205.23076923076923,1.3615384615384616,229.46153846153845,185.30769230769232,304.3076923076923
11,17,24.653846153846153,36.169230769230765,71.0,918.4923076923076,79.46153846153847,1.330769230769231,438.38461538461536,138.6153846153846,458.61538461538464
8,12,27.361538461538466,39.47692307692308,47.69230769230769,920.9230769230768,178.07692307692307,1.776923076923077,346.38461538461536,217.3846153846154,412.38461538461536
9,28,28.06153846153846,36.784615384615385,44.07692307692308,919.0923076923076,194.15384615384616,1.9384615384615385,53.23076923076923,296.0,333.7692307692308
10,12,26.56153846153846,43.19230769230769,57.0,919.4461538461538,188.0,1.276923076923077,358.61538461538464,176.15384615384616,434.7692307692308
4,1,24.015384615384615,46.27692307692307,78.15384615384616,918.7769230769233,178.69230769230768,1.0923076923076922,209.30769230769232,243.30769230769232,388.2307692307692
10,25,25.153846153846153,44.92307692307692,69.07692307692308,920.4769230769232,96.76923076923076,1.3461538461538465,284.38461538461536,151.3846153846154,377.46153846153845
7,31,28.03076923076923,38.86923076923077,49.53846153846154,919.8307692307692,207.69230769230768,3.015384615384616,305.46153846153845,200.30769230769232,440.15384615384613
10,4,28.023076923076925,37.607692307692304,49.38461538461539,916.6923076923076,133.76923076923077,1.146153846153846,453.38461538461536,128.3846153846154,486.0
11,21,24.66923076923077,35.46923076923077,64.6923076923077,918.3615384615384,138.92307692307693,0.7615384615384616,462.7692307692308,134.46153846153845,471.0769230769231
7,27,21.315384615384616,42.12307692307692,82.53846153846153,922.7923076923076,198.6153846153846,1.2923076923076924,353.7692307692308,192.53846153846155,438.0
1,22,24.72307692307692,46.599999999999994,73.84615384615384,919.7307692307692,46.23076923076923,2.8153846153846156,49.84615384615385,213.46153846153845,234.76923076923077
8,24,28.05,34.925000000000004,43.833333333333336,918.875,197.0,0.925,719.75,82.0,594.75
1,7,25.316666666666663,30.75,65.66666666666667,919.8,108.83333333333331,1.1583333333333334,625.5,116.58333333333331,540.4166666666666
1,24,25.03846153846154,40.607692307692304,65.76923076923077,917.8153846153848,211.53846153846155,0.3769230769230769,475.0,147.53846153846155,470.46153846153845
5,28,26.284615384615385,40.56923076923077,52.38461538461539,920.3923076923076,93.3846153846154,1.1384615384615384,565.6923076923077,104.15384615384616,508.7692307692308
2,11,27.95384615384615,28.146153846153844,45.53846153846154,919.3615384615384,203.30769230769232,2.1153846153846154,575.9230769230769,135.30769230769232,537.1538461538462
6,12,25.508333333333336,41.85,61.916666666666664,920.6083333333332,116.08333333333331,0.8583333333333334,167.58333333333334,266.5833333333333,402.1666666666667
2,3,27.523076923076925,37.91538461538461,54.30769230769231,917.5923076923076,190.15384615384616,1.4230769230769231,450.61538461538464,173.30769230769232,481.0
11,27,24.058333333333337,45.8,76.83333333333333,918.4416666666666,208.66666666666663,0.6916666666666668,144.66666666666666,175.16666666666666,261.5
12,19,24.666666666666668,39.69166666666667,69.5,918.2666666666668,124.25,0.9833333333333334,348.8333333333333,195.33333333333337,434.0
3,6,25.191666666666663,41.583333333333336,67.16666666666667,918.525,213.08333333333337,1.0,282.0,296.8333333333333,501.0
4,10,26.40833333333333,44.55833333333334,64.16666666666667,919.1416666666668,197.41666666666663,1.0833333333333333,127.41666666666669,258.0,340.75
5,8,21.008333333333333,44.59166666666667,89.0,922.3833333333332,175.0,1.6083333333333334,226.75,260.1666666666667,438.25
2,11,25.025,42.05833333333333,71.91666666666667,917.1083333333332,127.25,1.4583333333333333,437.5,201.5,538.5833333333334
7,30,24.04615384615385,39.97692307692308,61.0,922.6153846153846,205.76923076923077,3.807692307692307,133.15384615384616,259.46153846153845,331.0
7,29,27.915384615384617,39.74615384615385,49.0,918.7615384615384,195.53846153846155,2.3615384615384616,365.0,174.6153846153846,453.6923076923077
1,6,25.21666666666667,29.791666666666668,68.5,919.975,19.916666666666668,2.2166666666666663,526.5833333333334,169.33333333333334,512.25
6,2,25.6,41.11538461538461,64.0,920.1153846153846,197.69230769230768,0.6307692307692307,229.23076923076923,205.6153846153846,363.6923076923077
4,4,26.976923076923075,40.98461538461538,61.0,917.5153846153846,212.15384615384616,0.4153846153846154,362.61538461538464,205.15384615384616,439.15384615384613
6,6,25.183333333333337,42.7,66.58333333333333,919.2833333333332,125.91666666666669,0.4916666666666667,400.0833333333333,169.41666666666666,460.0833333333333
7,16,26.607692307692307,38.52307692307692,52.76923076923077,919.7153846153846,190.84615384615384,1.4692307692307691,482.6923076923077,148.53846153846155,477.6923076923077
7,29,26.77692307692308,39.892307692307696,52.69230769230769,920.123076923077,196.76923076923077,2.746153846153846,314.46153846153845,197.46153846153845,386.15384615384613
5,19,25.253846153846155,40.01538461538462,62.15384615384615,919.8846153846154,195.15384615384616,1.2230769230769232,579.0,117.15384615384616,508.38461538461536
9,7,26.9,41.583333333333336,50.166666666666664,920.0583333333334,180.25,1.6,418.0833333333333,188.33333333333337,527.0833333333334
4,26,26.59166666666667,33.733333333333334,56.916666666666664,920.525,135.08333333333334,0.6583333333333333,602.5,138.0,587.75
12,16,24.354545454545452,44.10909090909091,75.0909090909091,918.2090909090908,156.9090909090909,0.8181818181818182,340.72727272727275,225.45454545454547,444.54545454545456
12,10,24.225,42.641666666666666,76.0,917.7916666666666,111.33333333333331,0.9583333333333334,11.666666666666666,247.16666666666663,253.0
10,22,24.853846153846156,44.23076923076923,69.53846153846153,919.9615384615385,56.0,1.0769230769230769,374.7692307692308,172.6153846153846,465.46153846153845
7,11,25.6,40.53076923076923,60.38461538461539,919.8923076923076,191.53846153846155,1.3153846153846156,561.8461538461538,96.6153846153846,504.61538461538464
7,4,23.338461538461537,41.607692307692304,72.23076923076923,919.7769230769233,217.15384615384616,1.5769230769230769,251.30769230769232,130.53846153846155,333.2307692307692
10,27,23.26923076923077,43.61538461538461,69.61538461538461,921.0384615384615,209.15384615384616,0.9923076923076924,150.6153846153846,238.53846153846155,365.15384615384613
3,4,26.82307692307692,39.92307692307692,64.23076923076923,918.9846153846154,169.3846153846154,0.5230769230769231,281.0,219.30769230769232,437.61538461538464
7,25,22.215384615384615,43.74615384615385,75.76923076923077,921.5538461538462,115.0,0.8923076923076922,25.46153846153846,156.92307692307693,169.92307692307693
10,5,27.200000000000003,42.70769230769231,51.92307692307692,917.6692307692308,162.3846153846154,0.9307692307692308,172.76923076923077,229.0,330.0769230769231
10,23,28.37692307692307,40.138461538461534,45.07692307692308,918.676923076923,198.23076923076923,2.0461538461538464,272.6923076923077,204.30769230769232,420.15384615384613
3,26,24.59166666666667,42.46666666666667,68.41666666666667,919.1166666666668,202.66666666666663,0.8250000000000001,373.6666666666667,242.25,515.25
8,19,26.907692307692308,43.715384615384615,58.15384615384615,918.6,53.30769230769231,1.676923076923077,115.15384615384616,241.84615384615384,336.7692307692308
5,30,20.915384615384617,46.22307692307693,90.46153846153848,921.5615384615384,133.0,0.4076923076923077,264.0769230769231,192.23076923076923,402.46153846153845
4,19,24.075,44.23333333333333,72.58333333333333,921.3666666666668,184.33333333333337,0.4666666666666666,402.4166666666667,227.25,513.75
1,2,24.541666666666668,40.875,72.41666666666667,918.925,213.25,0.9,404.0,189.83333333333337,448.0
11,2,25.12307692307693,40.638461538461534,71.61538461538461,918.0384615384615,194.07692307692307,0.8615384615384615,428.2307692307692,148.53846153846155,482.0
6,22,24.45384615384615,35.58461538461539,61.30769230769231,922.0769230769232,176.69230769230768,1.1,244.84615384615384,189.92307692307693,327.0
11,30,25.325,41.825,66.25,918.525,207.91666666666663,0.8916666666666666,486.9166666666667,149.5,501.6666666666667
1,27,26.107692307692307,38.96923076923077,60.76923076923077,917.823076923077,190.76923076923077,1.0076923076923077,530.5384615384615,140.92307692307693,487.0
10,11,27.930769230769233,37.61538461538461,45.84615384615385,918.7769230769233,190.92307692307693,2.715384615384615,301.53846153846155,187.76923076923077,409.0769230769231
7,19,27.584615384615383,37.48461538461539,47.15384615384615,918.1923076923076,203.30769230769232,2.8076923076923075,384.2307692307692,192.6153846153846,452.0
3,9,24.192307692307693,40.45384615384615,67.46153846153847,919.5153846153846,220.46153846153845,0.4846153846153846,433.53846153846155,164.30769230769232,513.6153846153846
8,11,29.569230769230767,37.323076923076925,40.23076923076923,917.1846153846152,191.84615384615384,2.376923076923077,342.84615384615387,203.6153846153846,459.3076923076923
6,4,21.491666666666664,44.53333333333333,79.91666666666667,921.8916666666668,148.25,1.575,198.41666666666663,222.91666666666663,372.25
12,12,24.85,36.175,69.08333333333333,918.5583333333334,121.0,0.7916666666666666,455.75,173.5,487.25
9,5,27.683333333333337,37.1,52.833333333333336,919.9666666666668,192.5,1.825,519.8333333333334,140.58333333333334,565.4166666666666
8,11,24.753846153846155,40.815384615384616,60.69230769230769,921.9076923076924,199.53846153846155,1.7000000000000002,303.0,203.84615384615384,436.0
10,1,25.576923076923077,40.54615384615385,58.38461538461539,919.246153846154,179.23076923076923,0.4076923076923077,333.84615384615387,194.46153846153845,422.38461538461536
3,30,23.28333333333333,43.40833333333333,72.66666666666667,919.2833333333332,209.66666666666663,2.983333333333333,237.66666666666663,282.9166666666667,405.9166666666667
12,26,22.733333333333334,44.083333333333336,81.66666666666667,917.6583333333332,77.5,1.1083333333333334,78.75,286.5,339.3333333333333
10,4,24.284615384615385,41.91538461538461,68.07692307692308,920.6923076923076,209.76923076923077,3.130769230769231,94.76923076923076,262.9230769230769,331.9230769230769
11,18,24.569230769230767,36.95384615384615,70.07692307692308,918.6538461538462,108.53846153846152,1.8846153846153848,530.5384615384615,112.92307692307692,483.61538461538464
8,22,25.93846153846154,39.26923076923077,54.76923076923077,920.3538461538462,156.6153846153846,2.1538461538461537,259.2307692307692,225.46153846153845,407.84615384615387
10,17,28.16923076923077,37.715384615384615,46.30769230769231,918.0153846153846,207.53846153846155,2.1307692307692307,96.3846153846154,232.53846153846155,311.46153846153845
5,25,27.192307692307693,43.46153846153846,56.15384615384615,919.7692307692308,204.07692307692307,2.9923076923076923,499.61538461538464,137.69230769230768,490.46153846153845
4,5,27.13076923076923,43.20769230769231,63.23076923076923,917.7846153846154,201.69230769230768,0.6153846153846154,81.38461538461539,226.15384615384616,277.2307692307692
4,23,25.766666666666666,41.3,60.5,920.1916666666666,241.75,1.1416666666666666,372.9166666666667,256.8333333333333,497.8333333333333
9,21,27.816666666666663,40.75833333333333,46.75,919.5,205.25,2.975,166.91666666666666,236.41666666666663,380.0
1,30,26.43846153846154,28.884615384615383,54.46153846153846,918.046153846154,167.46153846153845,0.6153846153846154,650.9230769230769,91.15384615384616,534.9230769230769
7,31,26.346153846153847,38.323076923076925,52.84615384615385,921.4153846153846,202.23076923076923,2.7384615384615385,565.3846153846154,114.6923076923077,510.3076923076923
8,3,28.54615384615384,35.86923076923077,42.0,921.4461538461538,205.53846153846155,4.438461538461539,246.6153846153846,222.84615384615384,374.7692307692308
8,14,26.584615384615383,40.26153846153846,51.61538461538461,921.6615384615384,167.84615384615384,1.4615384615384617,262.53846153846155,233.30769230769232,425.0769230769231
6,24,24.13076923076923,38.73076923076923,65.53846153846153,920.8615384615384,211.92307692307693,0.7384615384615384,561.6923076923077,110.23076923076924,496.2307692307692
8,22,25.023076923076925,41.96923076923077,61.30769230769231,919.0846153846154,156.07692307692307,0.7923076923076923,268.84615384615387,207.3846153846154,393.0769230769231
4,28,26.85,43.13333333333333,59.166666666666664,919.8833333333332,208.83333333333337,1.2666666666666668,291.6666666666667,232.0,462.1666666666667
12,9,23.191666666666663,44.48333333333333,79.25,921.4916666666668,199.25,1.65,389.75,210.25,430.25
3,24,25.27692307692308,39.55384615384616,64.92307692307692,921.0153846153846,206.76923076923077,0.676923076923077,123.3846153846154,258.6923076923077,364.0769230769231
3,7,24.084615384615383,43.2,72.0,919.2307692307692,199.15384615384616,0.8461538461538461,246.6153846153846,216.69230769230768,411.6923076923077
7,15,26.43846153846154,38.13076923076923,52.15384615384615,920.6461538461538,194.0,1.7307692307692308,611.3076923076923,90.46153846153848,510.9230769230769
1,19,28.4,41.22307692307693,53.0,917.8461538461538,203.53846153846155,3.0846153846153848,80.46153846153847,171.6153846153846,201.23076923076923
6,19,25.200000000000003,41.65384615384615,68.92307692307692,921.0538461538462,204.30769230769232,1.7615384615384615,419.7692307692308,149.6153846153846,432.61538461538464
3,8,25.93846153846154,44.284615384615385,68.84615384615384,918.623076923077,141.23076923076923,0.6230769230769231,281.7692307692308,211.07692307692307,455.0
2,26,26.72307692307692,41.13076923076923,62.53846153846154,916.4461538461538,206.23076923076923,1.0307692307692309,183.92307692307693,219.76923076923077,345.0769230769231
4,1,25.833333333333332,43.36666666666667,65.16666666666667,916.65,214.91666666666663,1.625,398.3333333333333,249.08333333333337,521.0833333333334
12,3,24.90833333333333,43.5,68.16666666666667,917.7833333333332,153.58333333333334,0.4916666666666667,402.3333333333333,161.75,459.0
10,10,26.284615384615385,43.55384615384616,58.61538461538461,918.9615384615385,144.3846153846154,1.169230769230769,371.46153846153845,183.0,436.9230769230769
10,30,24.315384615384616,43.56923076923077,73.38461538461539,919.4307692307692,119.92307692307692,1.0230769230769232,621.5384615384615,74.61538461538461,520.5384615384615
4,27,27.35,44.43333333333334,57.25,919.7833333333332,204.16666666666663,1.2416666666666667,335.0,244.41666666666663,495.3333333333333
1,4,23.616666666666664,40.266666666666666,77.83333333333333,918.3,81.08333333333333,1.4916666666666665,265.8333333333333,186.91666666666663,360.5833333333333
7,22,23.184615384615384,40.64615384615384,69.07692307692308,920.2,101.6923076923077,0.8307692307692308,393.3076923076923,178.3846153846154,456.2307692307692
3,21,24.684615384615384,36.215384615384615,71.92307692307692,920.4153846153846,102.6153846153846,1.9769230769230768,367.3076923076923,201.46153846153845,503.15384615384613
3,10,21.83076923076923,44.176923076923075,83.76923076923077,919.3538461538462,163.23076923076923,0.9769230769230768,121.3076923076923,312.15384615384613,390.9230769230769
8,8,26.49230769230769,38.05384615384615,51.46153846153846,921.9923076923076,203.23076923076923,5.1692307692307695,299.61538461538464,223.69230769230768,432.7692307692308
9,27,26.56153846153846,40.04615384615385,53.46153846153846,918.4692307692308,84.23076923076923,1.146153846153846,254.76923076923077,212.3846153846154,436.2307692307692
10,14,27.523076923076925,41.93076923076923,57.46153846153846,917.9769230769232,69.92307692307692,1.4615384615384617,232.15384615384616,191.76923076923077,396.0769230769231
12,15,24.175,40.15,75.0,918.7666666666668,115.83333333333331,1.0333333333333334,425.5,184.33333333333337,448.3333333333333
